Kingdom,Phylum,Class,Order,Family,Genus,Species,num_hits,%_hits
Unclassified,,,,,,,120,0.340
Fungi,Ascomycota,Dothideomycetes,Pleosporales,Lophiostomataceae,Lophiostoma,Lophiostoma_sp,17313,49.027
Fungi,Ascomycota,Dothideomycetes,Pleosporales,Lophiotremataceae,Lophiotrema,Lophiotrema_rubi,2165,6.131
Fungi,Ascomycota,Leotiomycetes,Erysiphales,Erysiphaceae,Microidium,Microidium_phyllanthi,1864,5.279
Fungi,Ascomycota,,,,,,939,2.659
Fungi,Ascomycota,Sordariomycetes,Hypocreales,Nectriaceae,Fusarium,Fusarium_acutatum,827,2.342
Fungi,Ascomycota,Dothideomycetes,Capnodiales,Cladosporiaceae,Cladosporium,Cladosporium_delicatulum,699,1.979
Fungi,Ascomycota,Sordariomycetes,Hypocreales,Hypocreaceae,Trichoderma,Trichoderma_inhamatum,479,1.356
Fungi,Basidiomycota,Agaricomycetes,Geastrales,Geastraceae,Geastrum,Geastrum_corollinum,442,1.252
Fungi,Ascomycota,Sordariomycetes,Hypocreales,Nectriaceae,Ilyonectria,Ilyonectria_macrodidyma,352,0.997
Fungi,Ascomycota,Sordariomycetes,Sordariales,Chaetomiaceae,Subramaniula,Subramaniula_fusispora,345,0.977
Fungi,Ascomycota,Sordariomycetes,Hypocreales,Hypocreales_fam_Incertae_sedis,Acremonium,Acremonium_furcatum,306,0.867
Fungi,Ascomycota,Dothideomycetes,Pleosporales,Lophiostomataceae,Lophiostoma,Lophiostoma_vaginatispora,306,0.867
Fungi,Ascomycota,Eurotiomycetes,Eurotiales,Trichocomaceae,Talaromyces,Talaromyces_verruculosus,275,0.779
Fungi,Mortierellomycota,Mortierellomycetes,Mortierellales,Mortierellaceae,Mortierella,Mortierella_alpina,272,0.770
Fungi,Ascomycota,Sordariomycetes,Sordariales,Chaetomiaceae,unidentified,Chaetomiaceae_sp,266,0.753
Fungi,Ascomycota,Sordariomycetes,Hypocreales,Hypocreaceae,Trichoderma,,264,0.748
Fungi,Ascomycota,Sordariomycetes,Hypocreales,Hypocreales_fam_Incertae_sedis,Acremonium,Acremonium_spinosum,248,0.702
Fungi,Entomophthoromycota,Basidiobolomycetes,Basidiobolales,Basidiobolaceae,Basidiobolus,,203,0.575
Fungi,Ascomycota,Dothideomycetes,Pleosporales,Didymosphaeriaceae,Paraconiothyrium,Paraconiothyrium_brasiliense,192,0.544
Fungi,Ascomycota,Sordariomycetes,Sordariales,Chaetomiaceae,Chaetomium,Chaetomium_acropullum,191,0.541
Fungi,Ascomycota,Sordariomycetes,Hypocreales,Bionectriaceae,Clonostachys,Clonostachys_rosea,188,0.532
Fungi,Ascomycota,Sordariomycetes,Glomerellales,Plectosphaerellaceae,Acrostalagmus,Acrostalagmus_luteoalbus,181,0.513
Fungi,Mortierellomycota,Mortierellomycetes,Mortierellales,Mortierellaceae,Mortierella,,181,0.513
Fungi,Ascomycota,Sordariomycetes,Sordariales,Lasiosphaeriaceae,Arnium,Arnium_arizonense,169,0.479
Fungi,Ascomycota,Dothideomycetes,Pleosporales,,,,166,0.470
Fungi,Ascomycota,Sordariomycetes,Hypocreales,Nectriaceae,Ilyonectria,Ilyonectria_robusta,154,0.436
Fungi,Ascomycota,Eurotiomycetes,Eurotiales,Aspergillaceae,Aspergillus,Aspergillus_piperis,154,0.436
Fungi,Ascomycota,Sordariomycetes,Sordariales,Chaetomiaceae,,,147,0.416
Fungi,Basidiomycota,,,,,,147,0.416
Fungi,Ascomycota,Dothideomycetes,Pleosporales,Thyridariaceae,Roussoella,Roussoella_solani,134,0.379
Fungi,,,,,,,132,0.374
Fungi,Ascomycota,Eurotiomycetes,Chaetothyriales,Herpotrichiellaceae,Phialophora,Phialophora_geniculata,130,0.368
Fungi,Ascomycota,Sordariomycetes,Hypocreales,Nectriaceae,Neonectria,Neonectria_sp,121,0.343
Fungi,Ascomycota,Sordariomycetes,,,,,119,0.337
Fungi,Ascomycota,Sordariomycetes,Sordariales,Lasiosphaeriaceae,Schizothecium,,119,0.337
Fungi,Mortierellomycota,Mortierellomycetes,Mortierellales,Mortierellaceae,Mortierella,Mortierella_amoeboidea,116,0.328
Fungi,Basidiomycota,Agaricomycetes,Agaricales,,,,107,0.303
Fungi,Ascomycota,Sordariomycetes,Glomerellales,Plectosphaerellaceae,Verticillium,Verticillium_dahliae,96,0.272
Fungi,Ascomycota,Dothideomycetes,Pleosporales,Lophiotremataceae,Lophiotrema,Lophiotrema_sp,94,0.266
Fungi,Ascomycota,Dothideomycetes,Pleosporales,Biatriosporaceae,Biatriospora,Biatriospora_mackinnonii,92,0.261
Fungi,Ascomycota,Leotiomycetes,Helotiales,Helotiales_fam_Incertae_sedis,Mycoarthris,Mycoarthris_corallina,89,0.252
Fungi,Entomophthoromycota,Basidiobolomycetes,Basidiobolales,Basidiobolaceae,Schizangiella,,86,0.244
Fungi,Ascomycota,Eurotiomycetes,Onygenales,Onygenaceae,unidentified,Onygenaceae_sp,83,0.235
Fungi,Ascomycota,Dothideomycetes,Dothideales,Dothioraceae,Pringsheimia,Pringsheimia_euphorbiae,81,0.229
Fungi,Ascomycota,Sordariomycetes,Hypocreales,Hypocreaceae,Trichoderma,Trichoderma_afroharzianum,80,0.227
Fungi,Ascomycota,Dothideomycetes,Pleosporales,Leptosphaeriaceae,Leptosphaeria,Leptosphaeria_sp,79,0.224
Fungi,Basidiomycota,Tremellomycetes,Tremellales,Rhynchogastremataceae,Rhynchogastrema,Rhynchogastrema_visegradensis,79,0.224
Fungi,Ascomycota,Sordariomycetes,Sordariales,Lasiosphaeriaceae,Cercophora,Cercophora_samala,76,0.215
Fungi,Ascomycota,Dothideomycetes,Pleosporales,Pleosporales_fam_Incertae_sedis,Cryptocoryneum,Cryptocoryneum_condensatum,74,0.210
Fungi,Ascomycota,Sordariomycetes,Microascales,unidentified,unidentified,Microascales_sp,71,0.201
Fungi,Ascomycota,Sordariomycetes,Hypocreales,Nectriaceae,Dactylonectria,Dactylonectria_anthuriicola,68,0.193
Fungi,Ascomycota,Eurotiomycetes,Eurotiales,Aspergillaceae,Penicillium,Penicillium_paczoskii,64,0.181
Fungi,Ascomycota,Eurotiomycetes,Eurotiales,Trichocomaceae,Talaromyces,Talaromyces_minioluteus,63,0.178
Fungi,Ascomycota,Dothideomycetes,Capnodiales,Cladosporiaceae,Cladosporium,,58,0.164
Fungi,Ascomycota,Sordariomycetes,Hypocreales,Nectriaceae,Fusarium,,58,0.164
Fungi,Ascomycota,Sordariomycetes,Hypocreales,Clavicipitaceae,Metacordyceps,Metacordyceps_chlamydosporia,56,0.159
Fungi,Ascomycota,Saccharomycetes,Saccharomycetales,Saccharomycetales_fam_Incertae_sedis,Candida,Candida_tunisiensis,54,0.153
Fungi,Ascomycota,Leotiomycetes,Helotiales,unidentified,unidentified,Helotiales_sp,50,0.142
Fungi,Ascomycota,Dothideomycetes,Capnodiales,,,,50,0.142
Fungi,Ascomycota,Sordariomycetes,Myrmecridiales,Myrmecridiales_fam_Incertae_sedis,Atractospora,Atractospora_decumbens,49,0.139
Fungi,Ascomycota,Sordariomycetes,Xylariales,Xylariaceae,Hypoxylon,,49,0.139
Fungi,Basidiomycota,Tremellomycetes,Trichosporonales,Tetragoniomycetaceae,Tetragoniomyces,Tetragoniomyces_uliginosus,48,0.136
Fungi,Ascomycota,Sordariomycetes,Pleurotheciales,Pleurotheciaceae,,,46,0.130
Fungi,Rozellomycota,unidentified,unidentified,unidentified,unidentified,Rozellomycota_sp,46,0.130
Fungi,Ascomycota,Dothideomycetes,Capnodiales,Cladosporiaceae,Cladosporium,Cladosporium_ramotenellum,45,0.127
Fungi,Ascomycota,Sordariomycetes,Hypocreales,Nectriaceae,Fusarium,Fusarium_pseudensiforme,45,0.127
Fungi,Ascomycota,Eurotiomycetes,Eurotiales,Trichocomaceae,Talaromyces,Talaromyces_albobiverticillius,45,0.127
Fungi,Ascomycota,Dothideomycetes,Pleosporales,Lophiostomataceae,Lophiostoma,,44,0.125
Fungi,Ascomycota,Sordariomycetes,Sordariales,Chaetomiaceae,Chaetomium,,41,0.116
Fungi,Ascomycota,Sordariomycetes,Hypocreales,Nectriaceae,unidentified,Nectriaceae_sp,40,0.113
Fungi,Ascomycota,Eurotiomycetes,Eurotiales,Trichocomaceae,Talaromyces,Talaromyces_primulinus,35,0.099
Fungi,Basidiomycota,Agaricomycetes,,,,,34,0.096
Fungi,Ascomycota,Sordariomycetes,Ophiostomatales,Ophiostomataceae,Sporothrix,Sporothrix_inflata,34,0.096
Fungi,Basidiomycota,Tremellomycetes,Tremellales,Trimorphomycetaceae,Saitozyma,Saitozyma_podzolica,34,0.096
Fungi,Ascomycota,Dothideomycetes,Pleosporales,Sporormiaceae,Preussia,Preussia_flanaganii,34,0.096
Fungi,Chytridiomycota,Spizellomycetes,Spizellomycetales,Powellomycetaceae,Powellomyces,Powellomyces_hirtus,32,0.091
Fungi,Ascomycota,Eurotiomycetes,Eurotiales,Aspergillaceae,Penicillium,Penicillium_lapidosum,30,0.085
Fungi,Ascomycota,Dothideomycetes,Pleosporales,unidentified,unidentified,Pleosporales_sp,30,0.085
Fungi,Mortierellomycota,Mortierellomycetes,Mortierellales,Mortierellaceae,Mortierella,Mortierella_exigua,28,0.079
Fungi,Ascomycota,Eurotiomycetes,Eurotiales,Aspergillaceae,Aspergillus,,28,0.079
Fungi,Ascomycota,Dothideomycetes,Capnodiales,Cladosporiaceae,unidentified,Cladosporiaceae_sp,26,0.074
Fungi,Ascomycota,Sordariomycetes,Hypocreales,Hypocreaceae,Trichoderma,Trichoderma_neokoningii,25,0.071
Fungi,Ascomycota,Sordariomycetes,Hypocreales,,,,24,0.068
Fungi,Ascomycota,Dothideomycetes,Pleosporales,Coniothyriaceae,Coniothyrium,Coniothyrium_sidae,24,0.068
Fungi,Ascomycota,Sordariomycetes,Hypocreales,Nectriaceae,Thelonectria,Thelonectria_olida,23,0.065
Fungi,Ascomycota,Sordariomycetes,Hypocreales,Hypocreaceae,Trichoderma,Trichoderma_harzianum,23,0.065
Fungi,Ascomycota,Sordariomycetes,Hypocreales,Nectriaceae,,,23,0.065
Fungi,Basidiomycota,Pucciniomycetes,Pucciniales,Pucciniaceae,Puccinia,,23,0.065
Fungi,Ascomycota,Eurotiomycetes,Eurotiales,Aspergillaceae,Penicillium,Penicillium_citrinum,22,0.062
Fungi,Ascomycota,Lecanoromycetes,,,,,22,0.062
Fungi,Ascomycota,Eurotiomycetes,Eurotiales,Aspergillaceae,Aspergillus,Aspergillus_biplanus,22,0.062
Fungi,Blastocladiomycota,Blastocladiomycetes,Blastocladiales,Blastocladiaceae,Blastocladiella,Blastocladiella_emersonii,21,0.059
Fungi,Ascomycota,Sordariomycetes,Hypocreales,Hypocreaceae,Trichoderma,Trichoderma_velutinum,20,0.057
Fungi,Ascomycota,Sordariomycetes,Glomerellales,Glomerellaceae,Colletotrichum,Colletotrichum_circinans,20,0.057
Fungi,Ascomycota,Sordariomycetes,Sordariomycetes_ord_Incertae_sedis,Sordariomycetes_fam_Incertae_sedis,Cataractispora,Cataractispora_sp,20,0.057
Fungi,Rozellomycota,Rozellomycotina_cls_Incertae_sedis,GS10,unidentified,unidentified,GS10_sp,20,0.057
Fungi,Basidiomycota,Tremellomycetes,Cystofilobasidiales,Cystofilobasidiaceae,Cystofilobasidium,Cystofilobasidium_capitatum,19,0.054
Fungi,Ascomycota,Dothideomycetes,Capnodiales,Cladosporiaceae,Cladosporium,Cladosporium_exasperatum,19,0.054
Fungi,Ascomycota,Dothideomycetes,,,,,19,0.054
Fungi,Ascomycota,Sordariomycetes,Hypocreales,Clavicipitaceae,Collarina,Collarina_aurantiaca,19,0.054
Fungi,Ascomycota,Eurotiomycetes,,,,,19,0.054
Fungi,Ascomycota,Sordariomycetes,Hypocreales,Clavicipitaceae,Metarhizium,Metarhizium_marquandii,18,0.051
Fungi,Olpidiomycota,Olpidiomycetes,Olpidiales,Olpidiaceae,Olpidium,Olpidium_brassicae,17,0.048
Fungi,Ascomycota,Lecanoromycetes,Teloschistales,Teloschistaceae,Xanthocarpia,Xanthocarpia_erichansenii,17,0.048
Fungi,Ascomycota,Dothideomycetes,Botryosphaeriales,Botryosphaeriaceae,Dothiorella,Dothiorella_iberica,17,0.048
Fungi,Ascomycota,Sordariomycetes,Xylariales,Bartaliniaceae,Bartalinia,Bartalinia_robillardoides,17,0.048
Fungi,Ascomycota,Sordariomycetes,Sordariales,Chaetomiaceae,Zopfiella,Zopfiella_sp,16,0.045
Fungi,Ascomycota,Sordariomycetes,Hypocreales,Hypocreales_fam_Incertae_sedis,unidentified,Hypocreales_fam_Incertae_sedis_sp,16,0.045
Fungi,Ascomycota,Sordariomycetes,Hypocreales,Stachybotryaceae,unidentified,Stachybotryaceae_sp,16,0.045
Fungi,Ascomycota,Sordariomycetes,Hypocreales,Bionectriaceae,Valsonectria,Valsonectria_pulchella,16,0.045
Fungi,Ascomycota,Eurotiomycetes,Chaetothyriales,Herpotrichiellaceae,Cladophialophora,,16,0.045
Fungi,Ascomycota,Dothideomycetes,Pleosporales,Amorosiaceae,Angustimassarina,Angustimassarina_acerina,16,0.045
Fungi,Ascomycota,Eurotiomycetes,Chaetothyriales,Herpotrichiellaceae,Phialophora,Phialophora_cyclaminis,15,0.042
Fungi,Ascomycota,Eurotiomycetes,Eurotiales,Trichocomaceae,Talaromyces,,15,0.042
Fungi,Ascomycota,Leotiomycetes,Helotiales,Helotiaceae,Hymenoscyphus,Hymenoscyphus_kathiae,15,0.042
Fungi,Ascomycota,Dothideomycetes,Pleosporales,Sporormiaceae,unidentified,Sporormiaceae_sp,15,0.042
Fungi,Ascomycota,Eurotiomycetes,Eurotiales,Aspergillaceae,Penicillium,,15,0.042
Fungi,Ascomycota,Eurotiomycetes,Eurotiales,Aspergillaceae,Penicillium,Penicillium_decumbens,15,0.042
Fungi,Ascomycota,Sordariomycetes,Diaporthales,Cryphonectriaceae,Chrysoporthe,Chrysoporthe_doradensis,15,0.042
Fungi,Ascomycota,Sordariomycetes,Sordariales,Lasiosphaeriaceae,Podospora,Podospora_sp,15,0.042
Fungi,Ascomycota,Sordariomycetes,Glomerellales,Plectosphaerellaceae,,,14,0.040
Fungi,Ascomycota,Dothideomycetes,Capnodiales,Cladosporiaceae,Cladosporium,Cladosporium_aphidis,14,0.040
Fungi,Ascomycota,Taphrinomycetes,Taphrinales,Taphrinaceae,Taphrina,,14,0.040
Fungi,Ascomycota,Dothideomycetes,Pleosporales,Didymellaceae,Epicoccum,Epicoccum_nigrum,14,0.040
Fungi,Basidiomycota,Agaricomycetes,Polyporales,Ganodermataceae,Ganoderma,Ganoderma_australe,14,0.040
Fungi,Ascomycota,Sordariomycetes,Hypocreales,Nectriaceae,Gibberella,Gibberella_baccata,14,0.040
Fungi,Ascomycota,Sordariomycetes,Hypocreales,Hypocreaceae,Trichoderma,Trichoderma_stramineum,14,0.040
Fungi,Ascomycota,Leotiomycetes,Helotiales,,,,14,0.040
Fungi,Ascomycota,Eurotiomycetes,Eurotiales,Trichocomaceae,Talaromyces,Talaromyces_euchlorocarpius,14,0.040
Fungi,Ascomycota,Eurotiomycetes,Eurotiales,Aspergillaceae,Aspergillus,Aspergillus_insuetus,14,0.040
Fungi,Ascomycota,Coniocybomycetes,Coniocybales,Coniocybaceae,Chaenotheca,Chaenotheca_brunneola,13,0.037
Fungi,Ascomycota,Sordariomycetes,Hypocreales,Nectriaceae,Fusarium,Fusarium_denticulatum,13,0.037
Fungi,Basidiomycota,Tremellomycetes,Tremellales,Rhynchogastremataceae,Papiliotrema,Papiliotrema_laurentii,13,0.037
Fungi,Ascomycota,Eurotiomycetes,Eurotiales,Trichocomaceae,Talaromyces,Talaromyces_cnidii,12,0.034
Fungi,Basidiomycota,Tremellomycetes,Tremellales,Tremellaceae,Cryptococcus,Cryptococcus_sp,12,0.034
Fungi,Ascomycota,Dothideomycetes,Pleosporales,Phaeosphaeriaceae,Setophaeosphaeria,Setophaeosphaeria_badalingensis,12,0.034
Fungi,Ascomycota,Dothideomycetes,Acrospermales,Acrospermales_fam_Incertae_sedis,Leptodiscella,Leptodiscella_sp,12,0.034
Fungi,Ascomycota,Leotiomycetes,Helotiales,Leotiaceae,Alatospora,Alatospora_sp,11,0.031
Fungi,Ascomycota,Eurotiomycetes,Eurotiales,,,,11,0.031
Fungi,Ascomycota,Eurotiomycetes,Chaetothyriales,Herpotrichiellaceae,Phialophora,Phialophora_phaeophora,11,0.031
Fungi,Ascomycota,Sordariomycetes,Hypocreales,Nectriaceae,Cylindrocarpon,Cylindrocarpon_sp,11,0.031
Fungi,Basidiomycota,Agaricomycetes,Agaricales,Entolomataceae,Entoloma,Entoloma_inusitatum,11,0.031
Fungi,Ascomycota,Eurotiomycetes,Chaetothyriales,Herpotrichiellaceae,,,10,0.028
Fungi,Ascomycota,Dothideomycetes,Pleosporales,Leptosphaeriaceae,Plenodomus,Plenodomus_biglobosus,10,0.028
Fungi,Ascomycota,Dothideomycetes,Pleosporales,Cucurbitariaceae,Pyrenochaeta,Pyrenochaeta_nobilis,10,0.028
Fungi,Ascomycota,Eurotiomycetes,Onygenales,Onygenales_fam_Incertae_sedis,Chrysosporium,Chrysosporium_sp,10,0.028
Fungi,Ascomycota,Eurotiomycetes,Eurotiales,Aspergillaceae,Penicillium,Penicillium_brevicompactum,9,0.025
Fungi,Basidiomycota,Agaricomycetes,Agaricales,Fistulinaceae,,,9,0.025
Fungi,Ascomycota,Pezizomycetes,Pezizales,Ascobolaceae,Ascobolus,Ascobolus_sp,9,0.025
Fungi,Ascomycota,Dothideomycetes,Pleosporales,Lophiotremataceae,Lophiotrema,Lophiotrema_eburnoides,9,0.025
Fungi,Ascomycota,Sordariomycetes,Hypocreales,Stachybotryaceae,,,9,0.025
Fungi,Ascomycota,Sordariomycetes,Xylariales,Sporocadaceae,Pestalotiopsis,Pestalotiopsis_portugalica,9,0.025
Fungi,Ascomycota,Sordariomycetes,Glomerellales,Reticulascaceae,Pseudoacrodictys,Pseudoacrodictys_sp,9,0.025
Fungi,Basidiomycota,Agaricomycetes,Agaricales,Inocybaceae,Inocybe,Inocybe_rhodella,9,0.025
Fungi,Basidiomycota,Agaricomycetes,Agaricales,Cyphellaceae,Rectipilus,Rectipilus_sp,9,0.025
Fungi,Ascomycota,Sordariomycetes,Microascales,Microascaceae,Petriella,Petriella_guttulata,9,0.025
Fungi,Basidiomycota,Tremellomycetes,Tremellales,,,,9,0.025
Fungi,Ascomycota,Dothideomycetes,Pleosporales,Cucurbitariaceae,Pyrenochaeta,Pyrenochaeta_sp,9,0.025
Fungi,Ascomycota,Sordariomycetes,Ophiostomatales,unidentified,unidentified,Ophiostomatales_sp,9,0.025
Fungi,Ascomycota,Lecanoromycetes,Teloschistales,Teloschistaceae,,,8,0.023
Fungi,Ascomycota,Sordariomycetes,Microascales,Gondwanamycetaceae,Custingophora,,8,0.023
Fungi,Ascomycota,Arthoniomycetes,Arthoniales,Roccellaceae,Lecanactis,Lecanactis_epileuca,8,0.023
Fungi,Ascomycota,Dothideomycetes,Capnodiales,Teratosphaeriaceae,,,8,0.023
Fungi,Ascomycota,Eurotiomycetes,Eurotiales,Trichocomaceae,Talaromyces,Talaromyces_stellenboschiensis,8,0.023
Fungi,Ascomycota,Dothideomycetes,Pleosporales,Didymosphaeriaceae,Paraconiothyrium,Paraconiothyrium_sp,8,0.023
Fungi,Ascomycota,Sordariomycetes,Hypocreales,Nectriaceae,Cosmospora,Cosmospora_sp,8,0.023
Fungi,Ascomycota,Dothideomycetes,Pleosporales,Cucurbitariaceae,Pyrenochaetopsis,Pyrenochaetopsis_leptospora,8,0.023
Fungi,Ascomycota,Dothideomycetes,Pleosporales,Dictyosporiaceae,Pseudocoleophoma,Pseudocoleophoma_sp,8,0.023
Fungi,Ascomycota,Sordariomycetes,Sordariales,Chaetomiaceae,Chaetomium,Chaetomium_bostrychodes,8,0.023
Fungi,Ascomycota,Dothideomycetes,Capnodiales,Mycosphaerellaceae,Ramularia,Ramularia_eucalypti,8,0.023
Fungi,Ascomycota,Sordariomycetes,Sordariales,Chaetomiaceae,Chaetomium,Chaetomium_nigricolor,8,0.023
Fungi,Ascomycota,Dothideomycetes,Valsariales,Valsariaceae,Valsaria,Valsaria_lopadostomoides,8,0.023
Fungi,Ascomycota,Sordariomycetes,Hypocreales,Cordycipitaceae,Isaria,Isaria_cateniannulata,8,0.023
Fungi,Ascomycota,Dothideomycetes,Capnodiales,Mycosphaerellaceae,Stenella,Stenella_queenslandica,8,0.023
Fungi,Ascomycota,Leotiomycetes,Helotiales,Hyaloscyphaceae,Hyaloscypha,Hyaloscypha_minuta,8,0.023
Fungi,Ascomycota,Dothideomycetes,Pleosporales,Pleosporales_fam_Incertae_sedis,Berkleasmium,Berkleasmium_sp,8,0.023
Fungi,Ascomycota,Sordariomycetes,Pleurotheciales,Pleurotheciaceae,Pleurotheciella,Pleurotheciella_rivularia,7,0.020
Fungi,Ascomycota,Eurotiomycetes,Eurotiales,Aspergillaceae,Aspergillus,Aspergillus_keveii,7,0.020
Fungi,Ascomycota,Sordariomycetes,Togniniales,Togniniaceae,Phaeoacremonium,Phaeoacremonium_scolyti,7,0.020
Fungi,Ascomycota,Leotiomycetes,Helotiales,Hyaloscyphaceae,Hyaloscypha,Hyaloscypha_sp,7,0.020
Fungi,Mortierellomycota,Mortierellomycetes,Mortierellales,Mortierellaceae,Mortierella,Mortierella_sp,7,0.020
Fungi,Entomophthoromycota,Basidiobolomycetes,Basidiobolales,Basidiobolaceae,unidentified,Basidiobolaceae_sp,7,0.020
Fungi,Ascomycota,Leotiomycetes,Helotiales,Helotiaceae,Scytalidium,Scytalidium_sphaerosporum,7,0.020
Fungi,Basidiomycota,Agaricostilbomycetes,Agaricostilbales,Kondoaceae,Kondoa,Kondoa_phyllada,7,0.020
Fungi,Ascomycota,Eurotiomycetes,Eurotiales,Aspergillaceae,Penicillium,Penicillium_kongii,7,0.020
Fungi,Basidiomycota,Tremellomycetes,Tremellales,unidentified,unidentified,Tremellales_sp,7,0.020
Fungi,Ascomycota,Sordariomycetes,Hypocreales,Nectriaceae,Fusarium,Fusarium_sp,7,0.020
Fungi,Ascomycota,Sordariomycetes,Hypocreales,Hypocreaceae,Trichoderma,Trichoderma_evansii,7,0.020
Fungi,Ascomycota,Sordariomycetes,Chaetosphaeriales,Chaetosphaeriaceae,Chaetosphaeria,Chaetosphaeria_myriocarpa,7,0.020
Fungi,Ascomycota,Sordariomycetes,Sordariales,Lasiosphaeriaceae,Cercophora,Cercophora_sulphurella,7,0.020
Fungi,Ascomycota,Sordariomycetes,Hypocreales,Nectriaceae,Ilyonectria,Ilyonectria_mors-panacis,7,0.020
Fungi,Ascomycota,Sordariomycetes,Sordariales,Lasiosphaeriaceae,,,7,0.020
Fungi,Ascomycota,Saccharomycetes,Saccharomycetales,,,,7,0.020
Fungi,Ascomycota,Sordariomycetes,Sordariales,Lasiosphaeriaceae,Cercophora,Cercophora_mirabilis,7,0.020
Fungi,Mortierellomycota,Mortierellomycetes,Mortierellales,Mortierellaceae,Mortierella,Mortierella_elongata,7,0.020
Fungi,Basidiomycota,Tremellomycetes,Tremellales,Trimorphomycetaceae,Saitozyma,Saitozyma_flava,6,0.017
Fungi,Ascomycota,Sordariomycetes,Hypocreales,Nectriaceae,Thelonectria,Thelonectria_rubi,6,0.017
Fungi,Ascomycota,Sordariomycetes,Hypocreales,Nectriaceae,Gibberella,Gibberella_tricincta,6,0.017
Fungi,Ascomycota,Dothideomycetes,Capnodiales,Cladosporiaceae,Cladosporium,Cladosporium_sphaerospermum,6,0.017
Fungi,Basidiomycota,Cystobasidiomycetes,Erythrobasidiales,Erythrobasidiaceae,,,6,0.017
Fungi,Ascomycota,Eurotiomycetes,Verrucariales,Verrucariaceae,Neocatapyrenium,Neocatapyrenium_rhizinosum,6,0.017
Fungi,Basidiomycota,Agaricomycetes,Russulales,Albatrellaceae,Albatrellus,Albatrellus_avellaneus,6,0.017
Fungi,Ascomycota,Leotiomycetes,Helotiales,Hyaloscyphaceae,Lasiobelonium,Lasiobelonium_nidulum,6,0.017
Fungi,Aphelidiomycota,Aphelidiomycetes,GS16,unidentified,unidentified,GS16_sp,6,0.017
Fungi,Ascomycota,Sordariomycetes,Hypocreales,Clavicipitaceae,Metarhizium,Metarhizium_robertsii,6,0.017
Fungi,Ascomycota,Sordariomycetes,Hypocreales,Ophiocordycipitaceae,Purpureocillium,Purpureocillium_lavendulum,6,0.017
Fungi,Ascomycota,Sordariomycetes,Hypocreales,Ophiocordycipitaceae,Hirsutella,Hirsutella_rhossiliensis,6,0.017
Fungi,Ascomycota,Lecanoromycetes,Lecanorales,,,,6,0.017
Fungi,Ascomycota,Dothideomycetes,Pleosporales,Didymellaceae,Stagonosporopsis,,6,0.017
Fungi,Basidiomycota,Agaricomycetes,Phallales,Phallaceae,Lysurus,Lysurus_cruciatus,6,0.017
Fungi,Ascomycota,Sordariomycetes,Hypocreales,Nectriaceae,Fusarium,Fusarium_oxysporum,6,0.017
Fungi,Ascomycota,Sordariomycetes,Xylariales,Xylariaceae,Kretzschmaria,,6,0.017
Fungi,Ascomycota,Sordariomycetes,Hypocreales,Nectriaceae,Mariannaea,Mariannaea_samuelsii,6,0.017
Fungi,Ascomycota,Eurotiomycetes,Eurotiales,Trichocomaceae,Talaromyces,Talaromyces_solicola,5,0.014
Fungi,Ascomycota,Pezizomycetes,Pezizales,Pezizaceae,Terfezia,,5,0.014
Fungi,Ascomycota,Sordariomycetes,Melanosporales,,,,5,0.014
Fungi,Ascomycota,Dothideomycetes,Capnodiales,Mycosphaerellaceae,Ramularia,Ramularia_pratensis,5,0.014
Fungi,Ascomycota,Dothideomycetes,Abrothallales,Abrothallaceae,Abrothallus,Abrothallus_doliiformis,5,0.014
Fungi,Ascomycota,Sordariomycetes,Hypocreales,Nectriaceae,Fusarium,Fusarium_cyanostomum,5,0.014
Fungi,Ascomycota,Sordariomycetes,Hypocreales,Hypocreaceae,Trichoderma,Trichoderma_thelephoricola,5,0.014
Fungi,Ascomycota,Sordariomycetes,Xylariales,Beltraniaceae,Beltrania,Beltrania_pseudorhombica,5,0.014
Fungi,Ascomycota,Sordariomycetes,Hypocreales,Cordycipitaceae,Beauveria,Beauveria_sp,5,0.014
Fungi,Ascomycota,Sordariomycetes,Hypocreales,Bionectriaceae,Clonostachys,,5,0.014
Fungi,Ascomycota,Sordariomycetes,Sordariales,Lasiosphaeriaceae,Schizothecium,Schizothecium_glutinans,5,0.014
Fungi,Ascomycota,Sordariomycetes,Sordariales,Chaetomiaceae,Thielavia,Thielavia_fragilis,5,0.014
Fungi,Ascomycota,Sordariomycetes,Hypocreales,Nectriaceae,Gibberella,Gibberella_intricans,5,0.014
Fungi,Ascomycota,Sordariomycetes,Hypocreales,Stachybotryaceae,Xepicula,Xepicula_jollymannii,5,0.014
Fungi,Ascomycota,Eurotiomycetes,Eurotiales,Trichocomaceae,Talaromyces,Talaromyces_diversus,5,0.014
Fungi,Ascomycota,Sordariomycetes,Pleurotheciales,Pleurotheciaceae,Adelosphaeria,Adelosphaeria_catenata,5,0.014
Fungi,Olpidiomycota,Olpidiomycetes,Olpidiales,unidentified,unidentified,Olpidiales_sp,5,0.014
Fungi,Ascomycota,Sordariomycetes,Melanosporales,Melanosporaceae,Melanospora,Melanospora_sp,5,0.014
Fungi,Ascomycota,Dothideomycetes,Capnodiales,Cladosporiaceae,Cladosporium,Cladosporium_fusiforme,5,0.014
Fungi,Ascomycota,Lecanoromycetes,Caliciales,Physciaceae,Physcia,,5,0.014
Fungi,Ascomycota,Leotiomycetes,,,,,5,0.014
Fungi,Ascomycota,Eurotiomycetes,Eurotiales,Trichocomaceae,Talaromyces,Talaromyces_subinflatus,4,0.011
Fungi,Ascomycota,Sordariomycetes,Xylariales,Apiosporaceae,Arthrinium,,4,0.011
Fungi,Ascomycota,Dothideomycetes,Botryosphaeriales,Phyllostictaceae,,,4,0.011
Fungi,Ascomycota,Pezizomycetes,Pezizales,Helvellaceae,Helvella,,4,0.011
Fungi,Ascomycota,Dothideomycetes,Pleosporales,Melanommataceae,Praetumpfia,Praetumpfia_obducens,4,0.011
Fungi,Ascomycota,Eurotiomycetes,Eurotiales,Trichocomaceae,Talaromyces,Talaromyces_australis,4,0.011
Fungi,Ascomycota,Sordariomycetes,Sordariales,Chaetomiaceae,Humicola,Humicola_grisea,4,0.011
Fungi,Ascomycota,Dothideomycetes,Pleosporales,Didymosphaeriaceae,Paraphaeosphaeria,,4,0.011
Fungi,Ascomycota,Sordariomycetes,Hypocreales,Cordycipitaceae,Beauveria,Beauveria_pseudobassiana,4,0.011
Fungi,Ascomycota,Dothideomycetes,Capnodiales,Teratosphaeriaceae,Pseudotaeniolina,Pseudotaeniolina_globosa,4,0.011
Fungi,Ascomycota,Pezizomycetes,Pezizales,Pyronemataceae,Geopyxis,,4,0.011
Fungi,Ascomycota,Eurotiomycetes,Eurotiales,Aspergillaceae,Aspergillus,Aspergillus_versicolor,4,0.011
Fungi,Ascomycota,Dothideomycetes,Capnodiales,Teratosphaeriaceae,Devriesia,Devriesia_pseudoamericana,4,0.011
Fungi,Ascomycota,Sordariomycetes,Hypocreales,unidentified,unidentified,Hypocreales_sp,4,0.011
Fungi,Ascomycota,Dothideomycetes,Pleosporales,Lophiostomataceae,,,4,0.011
Fungi,Basidiomycota,Tremellomycetes,Tremellales,Rhynchogastremataceae,Papiliotrema,Papiliotrema_bandonii,4,0.011
Fungi,Ascomycota,Pezizomycetes,Pezizales,Pezizaceae,Aleurina,Aleurina_argentina,4,0.011
Fungi,Mucoromycota,Umbelopsidomycetes,Umbelopsidales,Umbelopsidaceae,Umbelopsis,,4,0.011
Fungi,Ascomycota,Sordariomycetes,Microascales,Microascaceae,,,4,0.011
Fungi,Ascomycota,Sordariomycetes,Sordariales,Lasiosphaeriaceae,Schizothecium,Schizothecium_miniglutinans,4,0.011
Fungi,Ascomycota,Dothideomycetes,Capnodiales,Cladosporiaceae,Cladosporium,Cladosporium_dominicanum,4,0.011
Fungi,Ascomycota,Sordariomycetes,Hypocreales,Nectriaceae,Cylindrocladiella,Cylindrocladiella_pseudoparva,4,0.011
Fungi,Ascomycota,Eurotiomycetes,Eurotiales,Aspergillaceae,Penicillium,Penicillium_hetheringtonii,4,0.011
Fungi,Ascomycota,Sordariomycetes,Hypocreales,Hypocreaceae,Trichoderma,Trichoderma_pseudogelatinosum,4,0.011
Fungi,Basidiomycota,Agaricomycetes,Polyporales,Xenasmataceae,Phlebiella,Phlebiella_sp,4,0.011
Fungi,Ascomycota,Sordariomycetes,Xylariales,Microdochiaceae,Idriella,Idriella_lunata,4,0.011
Fungi,Ascomycota,Eurotiomycetes,Onygenales,Onygenales_fam_Incertae_sedis,Zeloasperisporium,,4,0.011
Plantae,Anthophyta,unidentified,unidentified,unidentified,unidentified,Anthophyta_sp,4,0.011
Fungi,Ascomycota,Dothideomycetes,Pleosporales,Pleosporaceae,unidentified,Pleosporaceae_sp,4,0.011
Fungi,Entomophthoromycota,,,,,,4,0.011
Fungi,Ascomycota,Pezizomycetes,Pezizales,Pezizaceae,Peziza,,4,0.011
Fungi,Ascomycota,Eurotiomycetes,Eurotiales,Elaphomycetaceae,Elaphomyces,Elaphomyces_favosus,4,0.011
Fungi,Ascomycota,Sordariomycetes,Hypocreales,Nectriaceae,Fusarium,Fusarium_solani,4,0.011
Fungi,Ascomycota,Eurotiomycetes,Chaetothyriales,Herpotrichiellaceae,Rhinocladiella,Rhinocladiella_sp,4,0.011
Fungi,Ascomycota,Sordariomycetes,Hypocreales,Nectriaceae,Fusicolla,Fusicolla_aquaeductuum,4,0.011
Fungi,Ascomycota,Dothideomycetes,Pleosporales,Pleomassariaceae,Tumularia,Tumularia_sp,4,0.011
Fungi,Ascomycota,Dothideomycetes,Trypetheliales,Trypetheliaceae,,,3,0.008
Fungi,Ascomycota,Sordariomycetes,Hypocreales,Hypocreaceae,Trichoderma,Trichoderma_cinnamomeum,3,0.008
Fungi,Basidiomycota,Tremellomycetes,Tremellales,Bulleribasidiaceae,Vishniacozyma,Vishniacozyma_carnescens,3,0.008
Fungi,Ascomycota,Sordariomycetes,Glomerellales,Reticulascaceae,Pseudoacrodictys,,3,0.008
Fungi,Olpidiomycota,Olpidiomycetes,Olpidiales,Olpidiaceae,Olpidium,Olpidium_sp,3,0.008
Fungi,Ascomycota,Eurotiomycetes,Onygenales,Onygenales_fam_Incertae_sedis,Arthropsis,Arthropsis_hispanica,3,0.008
Fungi,Ascomycota,Eurotiomycetes,Eurotiales,Trichocomaceae,Sagenomella,Sagenomella_oligospora,3,0.008
Fungi,Ascomycota,Dothideomycetes,Pleosporales,Massarinaceae,Massarina,Massarina_bipolaris,3,0.008
Fungi,Ascomycota,Sordariomycetes,Glomerellales,Plectosphaerellaceae,Gibellulopsis,,3,0.008
Fungi,Ascomycota,Dothideomycetes,Capnodiales,Cladosporiaceae,,,3,0.008
Fungi,Ascomycota,Pezizomycetes,Pezizales,Tuberaceae,Tuber,,3,0.008
Fungi,Ascomycota,Sordariomycetes,Hypocreales,Hypocreales_fam_Incertae_sedis,Stilbella,Stilbella_byssiseda,3,0.008
Fungi,Ascomycota,Dothideomycetes,Pleosporales,Pleosporaceae,Alternaria,Alternaria_alternata,3,0.008
Fungi,Ascomycota,Dothideomycetes,Pleosporales,Teichosporaceae,Teichospora,Teichospora_thailandica,3,0.008
Fungi,Ascomycota,Dothideomycetes,Pleosporales,Didymosphaeriaceae,Paraconiothyrium,Paraconiothyrium_africanum,3,0.008
Fungi,Ascomycota,Sordariomycetes,Hypocreales,Nectriaceae,Gibberella,,3,0.008
Fungi,Entomophthoromycota,Basidiobolomycetes,Basidiobolales,Basidiobolaceae,Schizangiella,Schizangiella_sp,3,0.008
Fungi,Ascomycota,Lecanoromycetes,Teloschistales,Teloschistaceae,Caloplaca,Caloplaca_lactea,3,0.008
Fungi,Ascomycota,Sordariomycetes,Hypocreales,Hypocreales_fam_Incertae_sedis,Acremonium,,3,0.008
Metazoa,Cnidaria,unidentified,unidentified,unidentified,unidentified,Cnidaria_sp,3,0.008
Fungi,Basidiomycota,Agaricomycetes,Cantharellales,Cantharellales_fam_Incertae_sedis,Minimedusa,Minimedusa_polyspora,3,0.008
Fungi,Ascomycota,Sordariomycetes,Hypocreales,Hypocreales_fam_Incertae_sedis,,,3,0.008
Fungi,Basidiomycota,Agaricomycetes,Agaricales,Agaricaceae,Lepiota,Lepiota_himalayensis,3,0.008
Fungi,Ascomycota,Dothideomycetes,Pleosporales,Testudinaceae,unidentified,Testudinaceae_sp,3,0.008
Fungi,Ascomycota,Sordariomycetes,Xylariales,Coniocessiaceae,Coniocessia,Coniocessia_anandra,3,0.008
Fungi,Ascomycota,Sordariomycetes,Sordariales,Chaetomiaceae,Humicola,Humicola_nigrescens,3,0.008
Fungi,Ascomycota,Eurotiomycetes,Eurotiales,Aspergillaceae,Penicillium,Penicillium_austroafricanum,3,0.008
Fungi,Ascomycota,Leotiomycetes,Helotiales,Hyaloscyphaceae,Cistella,Cistella_acuum,3,0.008
Fungi,Ascomycota,Dothideomycetes,Pleosporales,Didymellaceae,Epicoccum,Epicoccum_brasiliense,3,0.008
Fungi,Ascomycota,Sordariomycetes,Hypocreales,Clavicipitaceae,Metarhizium,Metarhizium_carneum,3,0.008
Fungi,Ascomycota,Sordariomycetes,Xylariales,Bartaliniaceae,,,3,0.008
Fungi,Ascomycota,Taphrinomycetes,Taphrinales,Taphrinaceae,Taphrina,Taphrina_vestergrenii,3,0.008
Fungi,Ascomycota,Dothideomycetes,Tubeufiales,Tubeufiaceae,Chlamydotubeufia,Chlamydotubeufia_khunkornensis,3,0.008
Fungi,Basidiomycota,Agaricomycetes,Agaricales,Tricholomataceae,Tricholosporum,Tricholosporum_sp,3,0.008
Fungi,Entomophthoromycota,Basidiobolomycetes,Basidiobolales,Basidiobolaceae,Schizangiella,Schizangiella_serpentis,3,0.008
Fungi,Ascomycota,Eurotiomycetes,Chaetothyriales,Herpotrichiellaceae,Veronaea,Veronaea_japonica,3,0.008
Fungi,Ascomycota,Sordariomycetes,Microascales,Ceratocystidaceae,Ceratocystis,,3,0.008
Fungi,Ascomycota,Sordariomycetes,Hypocreales,Bionectriaceae,Clonostachys,Clonostachys_divergens,3,0.008
Fungi,Ascomycota,Sordariomycetes,Hypocreales,Hypocreaceae,Trichoderma,Trichoderma_viride,3,0.008
Fungi,Ascomycota,Sordariomycetes,Xylariales,,,,3,0.008
Fungi,Ascomycota,Eurotiomycetes,Eurotiales,Aspergillaceae,Aspergillus,Aspergillus_implicatus,3,0.008
Fungi,Ascomycota,Sordariomycetes,Xylariales,Xylariales_fam_Incertae_sedis,Phialemoniopsis,Phialemoniopsis_ocularis,3,0.008
Fungi,unidentified,unidentified,unidentified,unidentified,unidentified,Fungi_sp,3,0.008
Fungi,Ascomycota,Sordariomycetes,Hypocreales,Bionectriaceae,Bionectria,Bionectria_wenpingii,3,0.008
Fungi,Ascomycota,Sordariomycetes,Hypocreales,Nectriaceae,Xenoacremonium,Xenoacremonium_recifei,3,0.008
Fungi,Mortierellomycota,Mortierellomycetes,Mortierellales,Mortierellaceae,Mortierella,Mortierella_gamsii,3,0.008
Fungi,Ascomycota,Dothideomycetes,Pleosporales,Coniothyriaceae,Camarosporium,Camarosporium_sp,3,0.008
Fungi,Ascomycota,Sordariomycetes,Hypocreales,Ophiocordycipitaceae,Tolypocladium,,3,0.008
Fungi,Ascomycota,Pezizomycetes,Pezizales,Tuberaceae,Tuber,Tuber_melanosporum,2,0.006
Fungi,Ascomycota,Sordariomycetes,Diaporthales,Valsaceae,Cytospora,Cytospora_diatrypelloidea,2,0.006
Fungi,Ascomycota,Sordariomycetes,Sordariales,Sordariales_fam_Incertae_sedis,Conlarium,Conlarium_sp,2,0.006
Fungi,Ascomycota,Sordariomycetes,unidentified,unidentified,unidentified,Sordariomycetes_sp,2,0.006
Fungi,Ascomycota,Sordariomycetes,Hypocreales,Niessliaceae,Eucasphaeria,Eucasphaeria_capensis,2,0.006
Fungi,Ascomycota,Sordariomycetes,Pleurotheciales,Pleurotheciaceae,Pleurotheciella,Pleurotheciella_sp,2,0.006
Fungi,Mortierellomycota,Mortierellomycetes,Mortierellales,Mortierellaceae,Mortierella,Mortierella_dichotoma,2,0.006
Fungi,Basidiomycota,Agaricomycetes,Cantharellales,Cantharellales_fam_Incertae_sedis,,,2,0.006
Fungi,Ascomycota,Sordariomycetes,Glomerellales,Glomerellaceae,Colletotrichum,,2,0.006
Fungi,Ascomycota,Dothideomycetes,Capnodiales,Cladosporiaceae,Cladosporium,Cladosporium_velox,2,0.006
Fungi,Mucoromycota,Mucoromycetes,Mucorales,Pilobolaceae,Utharomyces,Utharomyces_epallocaulus,2,0.006
Fungi,Ascomycota,Dothideomycetes,Pleosporales,Pleosporales_fam_Incertae_sedis,Astrosphaeriella,Astrosphaeriella_africana,2,0.006
Fungi,Ascomycota,Eurotiomycetes,Eurotiales,Aspergillaceae,Penicillium,Penicillium_catenatum,2,0.006
Fungi,Ascomycota,Lecanoromycetes,Peltigerales,Peltigeraceae,Peltigera,,2,0.006
Fungi,Entorrhizomycota,Entorrhizomycetes,Talbotiomycetales,Talbotiomycetaceae,Talbotiomyces,Talbotiomyces_calosporus,2,0.006
Fungi,Ascomycota,Eurotiomycetes,Eurotiales,Aspergillaceae,Aspergillus,Aspergillus_inflatus,2,0.006
Fungi,Ascomycota,Pezizomycetes,Pezizales,Pezizaceae,,,2,0.006
Fungi,Ascomycota,Sordariomycetes,Togniniales,Togniniaceae,Phaeoacremonium,,2,0.006
Fungi,Ascomycota,Eurotiomycetes,Chaetothyriales,Herpotrichiellaceae,Coniosporium,Coniosporium_apollinis,2,0.006
Fungi,Ascomycota,Leotiomycetes,Helotiales,Dermateaceae,Pezicula,Pezicula_corticola,2,0.006
Fungi,Ascomycota,Lecanoromycetes,Umbilicariales,Umbilicariaceae,Lasallia,Lasallia_pertusa,2,0.006
Fungi,Ascomycota,Dothideomycetes,Tubeufiales,Tubeufiaceae,Podonectria,,2,0.006
Fungi,Ascomycota,Dothideomycetes,Pleosporales,Tetraplosphaeriaceae,Triplosphaeria,Triplosphaeria_maxima,2,0.006
Fungi,Ascomycota,Eurotiomycetes,Eurotiales,Aspergillaceae,Aspergillus,Aspergillus_aculeatus,2,0.006
Fungi,Basidiomycota,Agaricomycetes,Hymenochaetales,Schizoporaceae,Hyphodontia,Hyphodontia_sp,2,0.006
Fungi,Ascomycota,Dothideomycetes,Dothideales,Dothideales_fam_Incertae_sedis,Hortaea,Hortaea_thailandica,2,0.006
Fungi,Ascomycota,Sordariomycetes,Melanosporales,Melanosporaceae,Melanospora,,2,0.006
Fungi,Ascomycota,Sordariomycetes,Xylariales,Xylariaceae,Phylacia,Phylacia_sagrana,2,0.006
Fungi,Ascomycota,Leotiomycetes,Helotiales,Hyaloscyphaceae,Hyphodiscus,Hyphodiscus_brevicollaris,2,0.006
Fungi,Ascomycota,Sordariomycetes,Melanosporales,Melanosporaceae,Melanospora,Melanospora_damnosa,2,0.006
Fungi,Ascomycota,Eurotiomycetes,Eurotiales,Aspergillaceae,Penicillium,Penicillium_corylophilum,2,0.006
Fungi,Ascomycota,Sordariomycetes,Hypocreales,Ophiocordycipitaceae,Ophiocordyceps,Ophiocordyceps_arborescens,2,0.006
Fungi,Rozellomycota,Rozellomycotina_cls_Incertae_sedis,Branch01,unidentified,unidentified,Branch01_sp,2,0.006
Fungi,Basidiomycota,Agaricomycetes,Phallales,Phallaceae,Phallus,Phallus_hadriani,2,0.006
Fungi,Ascomycota,Eurotiomycetes,Onygenales,Onygenaceae,Aphanoascus,Aphanoascus_keratinophilus,2,0.006
Fungi,Ascomycota,Sordariomycetes,Hypocreales,Ophiocordycipitaceae,,,2,0.006
Fungi,Ascomycota,Sordariomycetes,Chaetosphaeriales,Chaetosphaeriaceae,Chaetosphaeria,Chaetosphaeria_innumera,2,0.006
Fungi,Ascomycota,Sordariomycetes,Diaporthales,Diaporthaceae,Diaporthe,Diaporthe_foeniculina,2,0.006
Fungi,Basidiomycota,Tremellomycetes,Tremellales,Syzygosporaceae,Syzygospora,,2,0.006
Fungi,Ascomycota,Lecanoromycetes,Caliciales,Physciaceae,Rinodina,,2,0.006
Fungi,Ascomycota,Lecanoromycetes,Ostropales,Porinaceae,Porina,,2,0.006
Fungi,GS19,unidentified,unidentified,unidentified,unidentified,GS19_sp,2,0.006
Fungi,Ascomycota,Eurotiomycetes,Eurotiales,Aspergillaceae,Penicillium,Penicillium_solitum,2,0.006
Fungi,Ascomycota,Dothideomycetes,Pleosporales,Teichosporaceae,Teichospora,,2,0.006
Fungi,Ascomycota,Dothideomycetes,Pleosporales,Pleosporales_fam_Incertae_sedis,Megacapitula,Megacapitula_villosa,2,0.006
Fungi,Mucoromycota,Mucoromycetes,Mucorales,Cunninghamellaceae,Absidia,Absidia_glauca,2,0.006
Fungi,Basidiomycota,Agaricomycetes,Agaricales,Hygrophoraceae,Hygrocybe,,2,0.006
Fungi,Kickxellomycota,Kickxellomycetes,Kickxellales,Kickxellaceae,Ramicandelaber,Ramicandelaber_fabisporus,2,0.006
Fungi,Ascomycota,Eurotiomycetes,Chaetothyriales,Herpotrichiellaceae,Exophiala,Exophiala_pisciphila,2,0.006
Fungi,Ascomycota,Dothideomycetes,Pleosporales,Didymosphaeriaceae,Neokalmusia,Neokalmusia_scabrispora,2,0.006
Fungi,Basidiomycota,Agaricomycetes,Agaricales,Inocybaceae,Inocybe,Inocybe_grammopodia,2,0.006
Fungi,Ascomycota,Sordariomycetes,Chaetosphaeriales,Chaetosphaeriaceae,Sporoschisma,Sporoschisma_hemipsilum,2,0.006
Fungi,Ascomycota,Eurotiomycetes,Eurotiales,Aspergillaceae,Penicillium,Penicillium_bialowiezense,2,0.006
Fungi,Ascomycota,Sordariomycetes,Hypocreales,Clavicipitaceae,Metarhizium,Metarhizium_flavoviride,2,0.006
Fungi,Rozellomycota,Rozellomycotina_cls_Incertae_sedis,GS09,unidentified,unidentified,GS09_sp,2,0.006
Fungi,Basidiomycota,Tremellomycetes,Tremellales,Tremellaceae,Cryptococcus,Cryptococcus_nanyangensis,2,0.006
Fungi,Ascomycota,Sordariomycetes,Hypocreales,Hypocreaceae,Trichoderma,Trichoderma_theobromicola,2,0.006
Fungi,Ascomycota,Sordariomycetes,Hypocreales,Stachybotryaceae,Stachybotrys,Stachybotrys_parvispora,2,0.006
Fungi,Ascomycota,Sordariomycetes,Pleurotheciales,Pleurotheciaceae,Pleurotheciella,Pleurotheciella_centenaria,2,0.006
Fungi,Ascomycota,Sordariomycetes,Hypocreales,Nectriaceae,Mariannaea,Mariannaea_superimposita,2,0.006
Fungi,Ascomycota,Sordariomycetes,Microascales,Ceratocystidaceae,Ambrosiella,,2,0.006
Fungi,Ascomycota,Sordariomycetes,Hypocreales,Nectriaceae,Cosmospora,Cosmospora_khandalensis,2,0.006
Fungi,Basidiomycota,Agaricomycetes,Agaricales,Psathyrellaceae,Coprinellus,Coprinellus_micaceus,2,0.006
Fungi,Ascomycota,Dothideomycetes,Pleosporales,Lophiostomataceae,Lophiostoma,Lophiostoma_corticola,2,0.006
Fungi,Basidiomycota,Agaricomycetes,Hymenochaetales,Hymenochaetaceae,Inonotus,Inonotus_levis,2,0.006
Fungi,Ascomycota,Sordariomycetes,Hypocreales,Nectriaceae,Gibberella,Gibberella_fujikuroi,2,0.006
Fungi,Ascomycota,Leotiomycetes,Helotiales,Hyaloscyphaceae,Catenulifera,Catenulifera_sp,2,0.006
Fungi,Blastocladiomycota,Blastocladiomycetes,Blastocladiales,Physodermataceae,Paraphysoderma,Paraphysoderma_sedebokerense,2,0.006
Fungi,Ascomycota,Dothideomycetes,Pleosporales,Didymellaceae,,,2,0.006
Fungi,Basidiomycota,Tremellomycetes,Tremellales,Bulleribasidiaceae,Vishniacozyma,Vishniacozyma_heimaeyensis,2,0.006
Fungi,Ascomycota,Sordariomycetes,Hypocreales,Bionectriaceae,Geosmithia,Geosmithia_pallida,2,0.006
Fungi,Ascomycota,Sordariomycetes,Hypocreales,Nectriaceae,Fusarium,Fusarium_brachygibbosum,2,0.006
Fungi,Ascomycota,Dothideomycetes,Capnodiales,Cladosporiaceae,Cladosporium,Cladosporium_grevilleae,2,0.006
Fungi,Blastocladiomycota,Blastocladiomycetes,Blastocladiales,Blastocladiaceae,,,2,0.006
Fungi,Ascomycota,Sordariomycetes,Microascales,Microascaceae,Kernia,Kernia_pachypleura,2,0.006
Fungi,Ascomycota,Sordariomycetes,Glomerellales,Plectosphaerellaceae,Gibellulopsis,Gibellulopsis_chrysanthemi,2,0.006
Fungi,Ascomycota,Sordariomycetes,Sordariales,Lasiosphaeriaceae,Cercophora,Cercophora_sp,2,0.006
Fungi,Ascomycota,Sordariomycetes,Sordariales,Cephalothecaceae,Phialemonium,Phialemonium_inflatum,2,0.006
Fungi,Basidiomycota,Agaricomycetes,Polyporales,Fomitopsidaceae,Laetiporus,Laetiporus_persicinus,2,0.006
Fungi,Ascomycota,Eurotiomycetes,Chaetothyriales,Trichomeriaceae,unidentified,Trichomeriaceae_sp,2,0.006
Fungi,Ascomycota,Saccharomycetes,Saccharomycetales,Lipomycetaceae,Lipomyces,Lipomyces_kockii,2,0.006
Fungi,Basidiomycota,Cystobasidiomycetes,Cystobasidiales,Cystobasidiaceae,Cystobasidium,Cystobasidium_slooffiae,2,0.006
Fungi,Ascomycota,Leotiomycetes,Erysiphales,Erysiphaceae,,,2,0.006
Fungi,Ascomycota,Sordariomycetes,Xylariales,Xylariales_fam_Incertae_sedis,Phialemoniopsis,Phialemoniopsis_curvata,1,0.003
Fungi,Ascomycota,Eurotiomycetes,Eurotiales,Aspergillaceae,Aspergillus,Aspergillus_intermedius,1,0.003
Fungi,Ascomycota,Sordariomycetes,Hypocreales,Hypocreales_fam_Incertae_sedis,Rotiferophthora,Rotiferophthora_angustispora,1,0.003
Fungi,Ascomycota,Eurotiomycetes,Eurotiales,Trichocomaceae,Talaromyces,Talaromyces_stollii,1,0.003
Fungi,Ascomycota,Dothideomycetes,Pleosporales,Pleosporaceae,Alternaria,Alternaria_subcucurbitae,1,0.003
Fungi,Ascomycota,Dothideomycetes,Pleosporales,Pleosporaceae,Alternaria,Alternaria_arborescens,1,0.003
Fungi,Ascomycota,Dothideomycetes,Hysteriales,unidentified,unidentified,Hysteriales_sp,1,0.003
Fungi,Ascomycota,Eurotiomycetes,Chaetothyriales,Herpotrichiellaceae,Exophiala,Exophiala_castellanii,1,0.003
Fungi,Ascomycota,Eurotiomycetes,Mycocaliciales,Mycocaliciaceae,,,1,0.003
Fungi,Ascomycota,Eurotiomycetes,Onygenales,Onygenaceae,,,1,0.003
Fungi,Ascomycota,Sordariomycetes,Xylariales,Diatrypaceae,Diatrype,Diatrype_enteroxantha,1,0.003
Fungi,Ascomycota,Sordariomycetes,Sordariales,Lasiosphaeriaceae,Lasiosphaeria,Lasiosphaeria_lanuginosa,1,0.003
Fungi,Basidiomycota,Agaricomycetes,Agaricales,Amanitaceae,Amanita,Amanita_griseoverrucosa,1,0.003
Fungi,Ascomycota,Lecanoromycetes,Lecanorales,Cladoniaceae,Cladonia,,1,0.003
Fungi,Basidiomycota,Microbotryomycetes,Sporidiobolales,Sporidiobolaceae,Sporobolomyces,Sporobolomyces_symmetricus,1,0.003
Fungi,Ascomycota,Dothideomycetes,Pleosporales,Phaeosphaeriaceae,Populocrescentia,Populocrescentia_forlicesenensis,1,0.003
Fungi,Ascomycota,Pezizomycetes,Pezizales,Helvellaceae,Barssia,Barssia_hellenica,1,0.003
Fungi,Basidiomycota,Agaricomycetes,Agaricales,Clavariaceae,,,1,0.003
Fungi,Ascomycota,Sordariomycetes,Savoryellales,Savoryellaceae,Canalisporium,Canalisporium_exiguum,1,0.003
Fungi,Ascomycota,Eurotiomycetes,Eurotiales,Trichocomaceae,Talaromyces,Talaromyces_acaricola,1,0.003
Fungi,Ascomycota,Sordariomycetes,Hypocreales,Hypocreaceae,Trichoderma,Trichoderma_paucisporum,1,0.003
Fungi,Ascomycota,Sordariomycetes,Hypocreales,Hypocreales_fam_Incertae_sedis,Acremonium,Acremonium_sp,1,0.003
Fungi,Basidiomycota,Tremellomycetes,Tremellales,Rhynchogastremataceae,Papiliotrema,Papiliotrema_aurea,1,0.003
Fungi,Ascomycota,Eurotiomycetes,Coryneliales,Coryneliaceae,Corynelia,,1,0.003
Fungi,Ascomycota,Eurotiomycetes,Eurotiales,Elaphomycetaceae,unidentified,Elaphomycetaceae_sp,1,0.003
Fungi,Ascomycota,Dothideomycetes,Dothideomycetes_ord_Incertae_sedis,Eremomycetaceae,Arthrographis,Arthrographis_longispora,1,0.003
Metazoa,Arthropoda,Insecta,Lepidoptera,Crambidae,Petrophila,Petrophila_incerta,1,0.003
Fungi,Ascomycota,Sordariomycetes,Hypocreales,Hypocreales_fam_Incertae_sedis,Acremonium,Acremonium_hennebertii,1,0.003
Fungi,Ascomycota,Lecanoromycetes,Pertusariales,Pertusariaceae,Pertusaria,Pertusaria_flavida,1,0.003
Fungi,Ascomycota,Pezizomycetes,Pezizales,Helvellaceae,Barssia,,1,0.003
Fungi,Ascomycota,Eurotiomycetes,Eurotiales,Aspergillaceae,Penicillium,Penicillium_cinerascens,1,0.003
Fungi,Ascomycota,Eurotiomycetes,Eurotiales,Aspergillaceae,Penicillium,Penicillium_concentricum,1,0.003
Fungi,Ascomycota,Sordariomycetes,Hypocreales,Hypocreaceae,Trichoderma,Trichoderma_erinaceum,1,0.003
Fungi,Ascomycota,Sordariomycetes,Phyllachorales,Phyllachoraceae,Phyllachora,Phyllachora_graminis,1,0.003
Fungi,Ascomycota,Leotiomycetes,Rhytismatales,Rhytismataceae,,,1,0.003
Fungi,Ascomycota,Leotiomycetes,Helotiales,Hyaloscyphaceae,Hyaloscypha,,1,0.003
Fungi,Ascomycota,Lecanoromycetes,Ostropales,Graphidaceae,Ocellularia,Ocellularia_interponenda,1,0.003
Fungi,Ascomycota,Sordariomycetes,Falcocladiales,Falcocladiaceae,Falcocladium,,1,0.003
Fungi,Ascomycota,Eurotiomycetes,Eurotiales,Aspergillaceae,Penicillium,Penicillium_griseoroseum,1,0.003
Fungi,Ascomycota,Leotiomycetes,Helotiales,Helotiaceae,unidentified,Helotiaceae_sp,1,0.003
Fungi,Ascomycota,Sordariomycetes,Chaetosphaeriales,Chaetosphaeriaceae,Dictyochaeta,,1,0.003
Fungi,Ascomycota,Dothideomycetes,Botryosphaeriales,Botryosphaeriaceae,Dothiorella,,1,0.003
Fungi,Ascomycota,Leotiomycetes,Erysiphales,Erysiphaceae,Erysiphe,Erysiphe_mori,1,0.003
Fungi,Ascomycota,Leotiomycetes,Helotiales,Chaetomellaceae,Pilidium,Pilidium_concavum,1,0.003
Fungi,Ascomycota,Sordariomycetes,Microascales,Microascaceae,Gamsia,Gamsia_simplex,1,0.003
Fungi,Ascomycota,Dothideomycetes,Pleosporales,Morosphaeriaceae,Rhizopycnis,Rhizopycnis_sp,1,0.003
Fungi,Ascomycota,Sordariomycetes,Microascales,Gondwanamycetaceae,Knoxdaviesia,Knoxdaviesia_cecropiae,1,0.003
Fungi,Ascomycota,Sordariomycetes,Hypocreales,Nectriaceae,Nectria,Nectria_cinnabarina,1,0.003
Fungi,Ascomycota,Dothideomycetes,Botryosphaeriales,Phyllostictaceae,Phyllosticta,,1,0.003
Fungi,Ascomycota,Dothideomycetes,Pleosporales,Teichosporaceae,Teichospora,Teichospora_austroafricana,1,0.003
Fungi,Basidiomycota,Cystobasidiomycetes,Cystobasidiomycetes_ord_Incertae_sedis,Buckleyzymaceae,Buckleyzyma,Buckleyzyma_aurantiaca,1,0.003
Fungi,Ascomycota,Dothideomycetes,Pleosporales,Didymosphaeriaceae,,,1,0.003
Fungi,Ascomycota,Leotiomycetes,Helotiales,Dermateaceae,Pezicula,Pezicula_corni,1,0.003
Rhizaria,Cercozoa,unidentified,unidentified,unidentified,unidentified,Cercozoa_sp,1,0.003
Fungi,Basidiomycota,Agaricomycetes,Hysterangiales,Mesophelliaceae,Mesophellia,Mesophellia_glauca,1,0.003
Fungi,Ascomycota,Sordariomycetes,Sordariales,Chaetomiaceae,Myceliophthora,,1,0.003
Fungi,Ascomycota,Sordariomycetes,Hypocreales,Nectriaceae,Volutella,Volutella_lini,1,0.003
Fungi,Ascomycota,Sordariomycetes,Diaporthales,Stilbosporaceae,Stegonsporium,,1,0.003
Fungi,Ascomycota,Sordariomycetes,Hypocreales,Ophiocordycipitaceae,Ophiocordyceps,,1,0.003
Fungi,Basidiomycota,Tremellomycetes,Holtermanniales,Holtermanniales_fam_Incertae_sedis,Holtermanniella,Holtermanniella_takashimae,1,0.003
Fungi,Ascomycota,Sordariomycetes,Hypocreales,Nectriaceae,Stephanonectria,Stephanonectria_keithii,1,0.003
Fungi,Ascomycota,Sordariomycetes,Hypocreales,Niessliaceae,unidentified,Niessliaceae_sp,1,0.003
Fungi,Ascomycota,Sordariomycetes,Hypocreales,Nectriaceae,Lasionectria,Lasionectria_marigotensis,1,0.003
Fungi,Ascomycota,Dothideomycetes,Pleosporales,Pleosporaceae,Curvularia,Curvularia_hawaiiensis,1,0.003
Fungi,Ascomycota,Sordariomycetes,Hypocreales,Hypocreales_fam_Incertae_sedis,Acremonium,Acremonium_persicinum,1,0.003
Fungi,Ascomycota,Sordariomycetes,Hypocreales,Nectriaceae,Nectria,Nectria_antarctica,1,0.003
Fungi,Ascomycota,Dothideomycetes,Trypetheliales,Trypetheliaceae,unidentified,Trypetheliaceae_sp,1,0.003
Fungi,Basidiomycota,Agaricomycetes,Agaricales,Entolomataceae,Entoloma,,1,0.003
Fungi,Ascomycota,Sordariomycetes,Microascales,Microascaceae,Scedosporium,Scedosporium_prolificans,1,0.003
Fungi,Mucoromycota,Mucoromycetes,Mucorales,Backusellaceae,Backusella,,1,0.003
Fungi,Ascomycota,Leotiomycetes,Helotiales,Helotiaceae,Mycofalcella,Mycofalcella_calcarata,1,0.003
Fungi,Basidiomycota,Tremellomycetes,Tremellales,Tremellaceae,Cryptococcus,Cryptococcus_perniciosus,1,0.003
Fungi,Ascomycota,Eurotiomycetes,Eurotiales,Aspergillaceae,Penicillium,Penicillium_longicatenatum,1,0.003
Fungi,Ascomycota,Eurotiomycetes,Eurotiales,Aspergillaceae,Penicillium,Penicillium_dravuni,1,0.003
Fungi,Ascomycota,Dothideomycetes,Capnodiales,Mycosphaerellaceae,Zasmidium,Zasmidium_syzygii,1,0.003
Fungi,Ascomycota,Sordariomycetes,Hypocreales,Clavicipitaceae,Paecilomyces,Paecilomyces_purpureus,1,0.003
Fungi,Basidiomycota,Microbotryomycetes,Sporidiobolales,Sporidiobolaceae,Rhodosporidiobolus,Rhodosporidiobolus_odoratus,1,0.003
Fungi,Ascomycota,Dothideomycetes,Pleosporales,Pleosporales_fam_Incertae_sedis,Monodictys,Monodictys_pelagica,1,0.003
Fungi,Ascomycota,Sordariomycetes,Chaetosphaeriales,Chaetosphaeriaceae,Pseudolachnella,Pseudolachnella_complanata,1,0.003
Fungi,Ascomycota,Dothideomycetes,Pleosporales,Sporormiaceae,Westerdykella,Westerdykella_sp,1,0.003
Fungi,Kickxellomycota,Harpellomycetes,Harpellales,Harpellaceae,Harpellomyces,Harpellomyces_montanus,1,0.003
Fungi,Ascomycota,Dothideomycetes,Pleosporales,Thyridariaceae,Parathyridaria,Parathyridaria_robiniae,1,0.003
Fungi,Basidiomycota,Agaricomycetes,Hymenochaetales,,,,1,0.003
Fungi,Ascomycota,Eurotiomycetes,Chaetothyriales,Herpotrichiellaceae,Coniosporium,Coniosporium_sp,1,0.003
Fungi,Ascomycota,Eurotiomycetes,Eurotiales,Aspergillaceae,Penicillium,Penicillium_spathulatum,1,0.003
Fungi,Basidiomycota,Agaricomycetes,Polyporales,Ganodermataceae,Ganoderma,Ganoderma_resinaceum,1,0.003
Fungi,Ascomycota,Eurotiomycetes,Chaetothyriales,Trichomeriaceae,Arthrocladium,Arthrocladium_sp,1,0.003
Fungi,Ascomycota,Sordariomycetes,Calosphaeriales,Calosphaeriaceae,Jattaea,,1,0.003
Fungi,Ascomycota,Leotiomycetes,Helotiales,Helotiaceae,Ombrophila,Ombrophila_janthina,1,0.003
Fungi,Ascomycota,Leotiomycetes,Helotiales,Helotiales_fam_Incertae_sedis,Lauriomyces,Lauriomyces_bellulus,1,0.003
Fungi,Basidiomycota,Agaricomycetes,Agaricales,Cortinariaceae,Cortinarius,Cortinarius_integerrimus,1,0.003
Fungi,Ascomycota,Eurotiomycetes,Eurotiales,Aspergillaceae,Penicillium,Penicillium_dimorphosporum,1,0.003
Fungi,Ascomycota,Eurotiomycetes,Pyrenulales,Pyrenulaceae,Pyrenula,Pyrenula_paraminarum,1,0.003
Fungi,Basidiomycota,Agaricomycetes,Agaricales,Clavariaceae,Clavaria,Clavaria_neonigrita,1,0.003
Fungi,Ascomycota,Dothideomycetes,Capnodiales,Mycosphaerellaceae,Mycosphaerella,Mycosphaerella_tassiana,1,0.003
Fungi,Basidiomycota,Agaricomycetes,Auriculariales,Exidiaceae,,,1,0.003
Fungi,Ascomycota,Pezizomycetes,Pezizales,Pyronemataceae,,,1,0.003
Fungi,Ascomycota,Sordariomycetes,Togniniales,Togniniaceae,Phaeoacremonium,Phaeoacremonium_prunicola,1,0.003
Fungi,Basidiomycota,Tremellomycetes,Tremellales,Bulleribasidiaceae,Vishniacozyma,Vishniacozyma_foliicola,1,0.003
Fungi,Basidiomycota,Agaricomycetes,Boletales,,,,1,0.003
Fungi,Ascomycota,Sordariomycetes,Xylariales,Xylariales_fam_Incertae_sedis,Oxydothis,Oxydothis_frondicola,1,0.003
Fungi,Ascomycota,Sordariomycetes,Hypocreales,Nectriaceae,Cylindrocarpostylus,Cylindrocarpostylus_gregarius,1,0.003
Fungi,Ascomycota,Sordariomycetes,Diaporthales,Cryphonectriaceae,,,1,0.003
Fungi,Ascomycota,Lecanoromycetes,Caliciales,Physciaceae,Rinodina,Rinodina_luridata,1,0.003
Fungi,Ascomycota,Leotiomycetes,Helotiales,Helotiaceae,Scytalidium,Scytalidium_circinatum,1,0.003
Fungi,Ascomycota,Dothideomycetes,Capnodiales,Capnodiaceae,,,1,0.003
Fungi,Ascomycota,Sordariomycetes,Xylariales,Sporocadaceae,Pestalotiopsis,Pestalotiopsis_coffeae-arabicae,1,0.003
Fungi,Ascomycota,Leotiomycetes,Helotiales,Hyaloscyphaceae,unidentified,Hyaloscyphaceae_sp,1,0.003
Fungi,Basidiomycota,Agaricomycetes,Agaricales,Hygrophoraceae,Hygrophorus,Hygrophorus_marzuolus,1,0.003
Fungi,Ascomycota,Eurotiomycetes,Eurotiales,Aspergillaceae,Penicillium,Penicillium_roseopurpureum,1,0.003
Fungi,Ascomycota,Dothideomycetes,Asterinales,Parmulariaceae,Parmularia,Parmularia_styracis,1,0.003
Fungi,Ascomycota,Dothideomycetes,Pleosporales,Dictyosporiaceae,,,1,0.003
Fungi,Ascomycota,Dothideomycetes,Pleosporales,Didymellaceae,Epicoccum,,1,0.003
Fungi,Ascomycota,Orbiliomycetes,Orbiliales,Orbiliaceae,Dactylaria,Dactylaria_ampulliformis,1,0.003
Fungi,Ascomycota,Leotiomycetes,Helotiales,Dermateaceae,Everhartia,Everhartia_hymenuloides,1,0.003
Fungi,Ascomycota,Dothideomycetes,Botryosphaeriales,Botryosphaeriaceae,Botryosphaeria,Botryosphaeria_stevensii,1,0.003
Fungi,Ascomycota,Eurotiomycetes,Eurotiales,Trichocomaceae,Talaromyces,Talaromyces_cecidicola,1,0.003
Fungi,Ascomycota,Eurotiomycetes,Chaetothyriales,Trichomeriaceae,Trichomerium,Trichomerium_dioscoreae,1,0.003
Fungi,Ascomycota,Leotiomycetes,Helotiales,Helotiaceae,,,1,0.003
Fungi,Ascomycota,Eurotiomycetes,Eurotiales,Trichocomaceae,Talaromyces,Talaromyces_flavus,1,0.003
Fungi,Ascomycota,Sordariomycetes,Savoryellales,Savoryellaceae,Canalisporium,,1,0.003
Fungi,Ascomycota,Sordariomycetes,Hypocreales,Cordycipitaceae,Beauveria,Beauveria_velata,1,0.003
Fungi,Ascomycota,Sordariomycetes,Sordariales,Chaetomiaceae,Chaetomium,Chaetomium_globosporum,1,0.003
Fungi,Ascomycota,Sordariomycetes,Glomerellales,Glomerellaceae,Colletotrichum,Colletotrichum_rusci,1,0.003
Fungi,Ascomycota,Eurotiomycetes,Chaetothyriales,Herpotrichiellaceae,Exophiala,Exophiala_hongkongensis,1,0.003
Fungi,Basidiomycota,Agaricomycetes,Agaricales,Amanitaceae,Amanita,,1,0.003
Fungi,Ascomycota,Dothideomycetes,Tubeufiales,Tubeufiaceae,Tubeufia,Tubeufia_helicomyces,1,0.003
Fungi,Mortierellomycota,Mortierellomycetes,Mortierellales,Mortierellaceae,Mortierella,Mortierella_beljakovae,1,0.003
Fungi,Ascomycota,Leotiomycetes,Helotiales,Helotiaceae,Scytalidium,Scytalidium_ganodermophthorum,1,0.003
Fungi,Basidiomycota,Agaricomycetes,Hymenochaetales,Hymenochaetaceae,,,1,0.003
Fungi,Ascomycota,Sordariomycetes,Glomerellales,,,,1,0.003
Fungi,Ascomycota,Lecanoromycetes,Teloschistales,Teloschistaceae,Cerothallia,,1,0.003
Fungi,Basidiomycota,Agaricomycetes,Agaricales,Schizophyllaceae,Schizophyllum,Schizophyllum_fasciatum,1,0.003
Fungi,Ascomycota,Eurotiomycetes,Eurotiales,Trichocomaceae,Talaromyces,Talaromyces_veerkampii,1,0.003
unidentified,unidentified,unidentified,unidentified,unidentified,unidentified,,1,0.003
Fungi,Ascomycota,Eurotiomycetes,Chaetothyriales,Herpotrichiellaceae,Coniosporium,Coniosporium_uncinatum,1,0.003
Fungi,Basidiomycota,Agaricomycetes,Agaricales,Tricholomataceae,Mycenella,Mycenella_bryophila,1,0.003
Fungi,Ascomycota,Dothideomycetes,unidentified,unidentified,unidentified,Dothideomycetes_sp,1,0.003
Fungi,Ascomycota,Sordariomycetes,Hypocreales,Hypocreaceae,Trichoderma,Trichoderma_citrinoviride,1,0.003
Fungi,Ascomycota,Sordariomycetes,Microascales,Microascaceae,Petriella,,1,0.003
Fungi,Ascomycota,Sordariomycetes,Ophiostomatales,Ophiostomataceae,Sporothrix,Sporothrix_rossii,1,0.003
Fungi,Ascomycota,Sordariomycetes,Hypocreales,Cordycipitaceae,,,1,0.003
Fungi,Basidiomycota,Agaricomycetes,Agaricales,Pterulaceae,Pterula,Pterula_subulata,1,0.003
Fungi,Ascomycota,Sordariomycetes,Hypocreales,Hypocreaceae,Trichoderma,Trichoderma_tomentosum,1,0.003
Fungi,Basidiomycota,Agaricomycetes,Russulales,Russulaceae,Russula,Russula_cremeoavellanea,1,0.003
Fungi,Ascomycota,Sordariomycetes,Xylariales,Microdochiaceae,Idriella,Idriella_sp,1,0.003
Fungi,Ascomycota,Leotiomycetes,Helotiales,Helotiaceae,Anguillospora,Anguillospora_crassa,1,0.003
Fungi,Ascomycota,Saccharomycetes,Saccharomycetales,Saccharomycetales_fam_Incertae_sedis,Candida,Candida_boleticola,1,0.003
Fungi,Ascomycota,Lecanoromycetes,Trapeliales,Trapeliaceae,Trapeliopsis,,1,0.003
Fungi,Ascomycota,Eurotiomycetes,Eurotiales,Aspergillaceae,Penicillium,Penicillium_dierckxii,1,0.003
Fungi,Ascomycota,Saccharomycetes,Saccharomycetales,Saccharomycetales_fam_Incertae_sedis,Candida,,1,0.003
Fungi,Basidiomycota,Agaricomycetes,Agaricales,Lycoperdaceae,unidentified,Lycoperdaceae_sp,1,0.003
Fungi,Glomeromycota,Archaeosporomycetes,Archaeosporales,Ambisporaceae,Ambispora,Ambispora_gerdemannii,1,0.003
Fungi,Basidiomycota,Agaricomycetes,Agaricales,Marasmiaceae,Lactocollybia,Lactocollybia_sp,1,0.003
Fungi,Ascomycota,Sordariomycetes,Sordariales,Chaetomiaceae,Retroconis,Retroconis_fusiformis,1,0.003
Fungi,Ascomycota,Sordariomycetes,Hypocreales,Bionectriaceae,,,1,0.003
Fungi,Ascomycota,Eurotiomycetes,Eurotiales,Aspergillaceae,Penicillium,Penicillium_expansum,1,0.003
Fungi,Ascomycota,Sordariomycetes,Hypocreales,Nectriaceae,Microcera,Microcera_sp,1,0.003
Fungi,Basidiomycota,Agaricomycetes,Geastrales,Geastraceae,Geastrum,,1,0.003
Fungi,Ascomycota,Dothideomycetes,Pleosporales,Didymosphaeriaceae,Paraphaeosphaeria,Paraphaeosphaeria_sp,1,0.003
Fungi,Ascomycota,Dothideomycetes,Acrospermales,Acrospermales_fam_Incertae_sedis,Leptodiscella,Leptodiscella_chlamydospora,1,0.003
Fungi,Ascomycota,Dothideomycetes,Pleosporales,Sporormiaceae,Preussia,Preussia_splendens,1,0.003
Fungi,Ascomycota,Sordariomycetes,Hypocreales,Bionectriaceae,Nectriopsis,Nectriopsis_oropensoides,1,0.003
Fungi,Rozellomycota,Rozellomycotina_cls_Incertae_sedis,Rozellomycotina_ord_Incertae_sedis,Rozellomycotina_fam_Incertae_sedis,Paramicrosporidium,Paramicrosporidium_saccamoebae,1,0.003
Fungi,Ascomycota,Lecanoromycetes,GS36,unidentified,unidentified,GS36_sp,1,0.003
Fungi,Ascomycota,Lecanoromycetes,Lecanorales,Catillariaceae,Solenopsora,,1,0.003
Fungi,Ascomycota,Dothideomycetes,Pleosporales,Didymosphaeriaceae,Paracamarosporium,Paracamarosporium_fagi,1,0.003
Fungi,Ascomycota,Dothideomycetes,Pleosporales,Cucurbitariaceae,Pyrenochaeta,,1,0.003
Fungi,Ascomycota,Sordariomycetes,Glomerellales,Plectosphaerellaceae,Gibellulopsis,Gibellulopsis_nigrescens,1,0.003
Fungi,Ascomycota,Lecanoromycetes,Lecanorales,Psoraceae,Protoblastenia,Protoblastenia_cyclospora,1,0.003
Fungi,Ascomycota,Sordariomycetes,Hypocreales,Nectriaceae,Thelonectria,Thelonectria_acrotyla,1,0.003
Fungi,Ascomycota,Pezizomycetes,Pezizales,,,,1,0.003
Fungi,Mortierellomycota,Mortierellomycetes,Mortierellales,Mortierellaceae,Mortierella,Mortierella_parvispora,1,0.003
Fungi,Ascomycota,Lecanoromycetes,Peltigerales,Lobariaceae,Pseudocyphellaria,Pseudocyphellaria_macroisidiata,1,0.003
Fungi,Ascomycota,Dothideomycetes,Pleosporales,Pleosporales_fam_Incertae_sedis,,,1,0.003
Fungi,Ascomycota,Sordariomycetes,Sordariales,Chaetomiaceae,Humicola,,1,0.003
Fungi,Ascomycota,Saccharomycetes,Saccharomycetales,Dipodascaceae,Geotrichum,,1,0.003
Fungi,Ascomycota,Sordariomycetes,Diaporthales,Schizoparmaceae,unidentified,Schizoparmaceae_sp,1,0.003
Fungi,Ascomycota,Sordariomycetes,Ophiostomatales,Ophiostomataceae,Ophiostoma,Ophiostoma_tetropii,1,0.003
Fungi,Ascomycota,Sordariomycetes,Ophiostomatales,Ophiostomataceae,,,1,0.003
Fungi,Ascomycota,Dothideomycetes,Pleosporales,Cucurbitariaceae,Pyrenochaeta,Pyrenochaeta_inflorescentiae,1,0.003
Fungi,Ascomycota,Eurotiomycetes,Eurotiales,Trichocomaceae,Rasamsonia,,1,0.003
Fungi,Ascomycota,Lecanoromycetes,Ostropales,Graphidaceae,Ocellularia,Ocellularia_microsorediata,1,0.003
Fungi,Basidiomycota,Agaricostilbomycetes,Agaricostilbales,Chionosphaeraceae,,,1,0.003
Fungi,Ascomycota,Sordariomycetes,Togniniales,Togniniaceae,unidentified,Togniniaceae_sp,1,0.003
Fungi,Ascomycota,Sordariomycetes,Xylariales,Microdochiaceae,unidentified,Microdochiaceae_sp,1,0.003
Fungi,Ascomycota,Sordariomycetes,Hypocreales,Clavicipitaceae,unidentified,Clavicipitaceae_sp,1,0.003
Fungi,Ascomycota,Sordariomycetes,Hypocreales,Nectriaceae,Cylindrocladiella,,1,0.003
Fungi,Basidiomycota,Agaricomycetes,Thelephorales,Thelephoraceae,Thelephora,Thelephora_terrestris,1,0.003
Fungi,Ascomycota,Dothideomycetes,Venturiales,Venturiaceae,Cylindrosympodium,Cylindrosympodium_lauri,1,0.003
Fungi,Ascomycota,Sordariomycetes,Hypocreales,Nectriaceae,Fusarium,Fusarium_nematophilum,1,0.003
Fungi,Ascomycota,Sordariomycetes,Sordariales,Lasiosphaeriaceae,Cladorrhinum,Cladorrhinum_foecundissimum,1,0.003
Fungi,Ascomycota,Eurotiomycetes,Eurotiales,Trichocomaceae,Talaromyces,Talaromyces_neofusisporus,1,0.003
Fungi,Ascomycota,Sordariomycetes,Glomerellales,Plectosphaerellaceae,Plectosphaerella,Plectosphaerella_alismatis,1,0.003
Fungi,Ascomycota,Sordariomycetes,Coniochaetales,Coniochaetaceae,Coniochaeta,Coniochaeta_fasciculata,1,0.003
Fungi,Basidiomycota,Tremellomycetes,Tremellales,Tremellaceae,Cryptococcus,Cryptococcus_gattii,1,0.003
Fungi,Ascomycota,Sordariomycetes,Hypocreales,Nectriaceae,Xenoacremonium,Xenoacremonium_falcatum,1,0.003
Fungi,Ascomycota,Dothideomycetes,Pleosporales,Cucurbitariaceae,Pyrenochaetopsis,Pyrenochaetopsis_sp,1,0.003
Fungi,Ascomycota,Sordariomycetes,Sordariales,unidentified,unidentified,Sordariales_sp,1,0.003
Fungi,Ascomycota,Sordariomycetes,Magnaporthales,Magnaporthaceae,,,1,0.003
Fungi,Ascomycota,Dothideomycetes,Pleosporales,Lophiostomataceae,Lophiostoma,Lophiostoma_pseudoarmatisporum,1,0.003
Fungi,Ascomycota,Dothideomycetes,Pleosporales,Lophiostomataceae,Sigarispora,Sigarispora_arundinis,1,0.003
Fungi,Ascomycota,unidentified,unidentified,unidentified,unidentified,Ascomycota_sp,1,0.003
Fungi,Ascomycota,Sordariomycetes,Diaporthales,Gnomoniaceae,Gnomoniopsis,Gnomoniopsis_paraclavulata,1,0.003
Fungi,Ascomycota,Dothideomycetes,Capnodiales,Mycosphaerellaceae,Mycosphaerella,Mycosphaerella_ellipsoidea,1,0.003
Fungi,Ascomycota,Sordariomycetes,Microascales,Halosphaeriaceae,Halosarpheia,,1,0.003
Fungi,Ascomycota,Dothideomycetes,Pleosporales,Phaeosphaeriaceae,Phaeosphaeria,Phaeosphaeria_pleurospora,1,0.003
Fungi,Ascomycota,Lecanoromycetes,Lecanorales,Stereocaulaceae,Stereocaulon,Stereocaulon_vesuvianum_var._nodulosum,1,0.003
Fungi,Basidiomycota,Agaricomycetes,Geastrales,Geastraceae,Geastrum,Geastrum_hieronymi,1,0.003
Fungi,Ascomycota,Eurotiomycetes,Eurotiales,Trichocomaceae,Talaromyces,Talaromyces_amestolkiae,1,0.003
Fungi,Ascomycota,Sordariomycetes,Hypocreales,Cordycipitaceae,Simplicillium,Simplicillium_subtropicum,1,0.003
Fungi,Basidiomycota,Agaricomycetes,Agaricales,Pluteaceae,Volvariella,Volvariella_surrecta,1,0.003
Fungi,Ascomycota,Eurotiomycetes,Eurotiales,Aspergillaceae,Penicillium,Penicillium_atramentosum,1,0.003
Fungi,Ascomycota,Dothideomycetes,Capnodiales,Cladosporiaceae,Cladosporium,Cladosporium_halotolerans,1,0.003
Fungi,Ascomycota,Sordariomycetes,Hypocreales,Nectriaceae,Gibberella,Gibberella_thapsina,1,0.003
Fungi,Ascomycota,Eurotiomycetes,Eurotiales,unidentified,unidentified,Eurotiales_sp,1,0.003
Fungi,Ascomycota,Eurotiomycetes,Eurotiales,Aspergillaceae,Aspergillus,Aspergillus_tubingensis,1,0.003
Fungi,Ascomycota,Sordariomycetes,Calosphaeriales,Calosphaeriaceae,Togniniella,Togniniella_microspora,1,0.003
Fungi,Basidiomycota,Tremellomycetes,Trichosporonales,Trichosporonaceae,Trichosporon,Trichosporon_sp,1,0.003
Fungi,Ascomycota,Sordariomycetes,Sordariales,Chaetomiaceae,Subramaniula,,1,0.003
Fungi,Ascomycota,Dothideomycetes,Pleosporales,Phaeosphaeriaceae,unidentified,Phaeosphaeriaceae_sp,1,0.003
Fungi,Basidiomycota,Geminibasidiomycetes,Geminibasidiales,Geminibasidiaceae,Geminibasidium,Geminibasidium_sp,1,0.003
Fungi,Ascomycota,Dothideomycetes,Capnodiales,Cladosporiaceae,Cladosporium,Cladosporium_aciculare,1,0.003
Fungi,Basidiomycota,Agaricomycetes,Agaricales,Physalacriaceae,Armillaria,Armillaria_mellea,1,0.003
Fungi,Ascomycota,Sordariomycetes,Pleurotheciales,Pleurotheciaceae,Pleurotheciella,Pleurotheciella_uniseptata,1,0.003
Fungi,Ascomycota,Dothideomycetes,Pleosporales,Pleosporaceae,Curvularia,,1,0.003
Fungi,Ascomycota,Dothideomycetes,Capnodiales,Teratosphaeriaceae,Devriesia,Devriesia_fraserae,1,0.003
Fungi,Ascomycota,Lecanoromycetes,Lecanorales,Lecanoraceae,Arctopeltis,Arctopeltis_thuleana,1,0.003
Fungi,Ascomycota,Pezizomycotina_cls_Incertae_sedis,Medeolariales,Medeolariaceae,Medeolaria,Medeolaria_farlowii,1,0.003
Fungi,Ascomycota,Eurotiomycetes,Eurotiales,Aspergillaceae,Aspergillus,Aspergillus_fumigatus,1,0.003
Fungi,Ascomycota,Dothideomycetes,Botryosphaeriales,Botryosphaeriaceae,Diplodia,Diplodia_corticola,1,0.003
Fungi,Ascomycota,Sordariomycetes,Ophiostomatales,Ophiostomataceae,Sporothrix,Sporothrix_dombeyi,1,0.003
